id,bid,user_id,用户昵称,微博正文,头条文章url,发布位置,艾特用户,话题,转发数,评论数,点赞数,发布时间,发布工具,微博图片url,微博视频url,retweet_id
4835991094825136,Mf6i9kfeM,6369494833,福哥看盘,八天七板，白酒借壳？近期，酒企借壳猜想引起市场对相关壳资源股热炒，但上市公司均对相关传闻进行了“否认”。因被传是贵州习酒将借壳上市的壳资源，贵绳股份、贵广网络、*ST天成此前出现不同程度大涨，但随后上述公司对传闻进行了回应，相关借壳传闻不属实。西凤酒借壳上市传闻也被市场热炒，西安饮食近期接连涨停，短短8个交易日内实现7个涨停板，涨幅超100%。11月14日晚，公司发布公告澄清，未收到有关与西凤酒、习酒重组的计划，亦不存在应披露而未披露的重大事项。市场分析人士指出，仅靠传闻炒壳资源，无异于豪赌。按照历史经验看，A股也有公司因相关传闻股价实现大涨，但最终股价都回归基本面。8个交易日股价翻倍西安饮食于1997年登陆A股。据了解，当下西安饮食旗下有11家餐饮企业被国家商务部认定为“中华老字号”。其中包括西安饭庄、老孙家饭庄、德发长酒店、同盛祥饭庄、春发生饭店、西安烤鸭店、五一饭店、白云章饺子馆、聚丰园饭店、东亚饭店以及桃李村饭店。因被传为西凤酒、习酒借壳对象，公司股价自11月3日以来，8个交易日内实现7个涨停板，累计涨幅超100%。因公司股价连日大涨，深交所11月9日曾下发关注函，要求公司关注、核实相关事项，确认是否存在应披露而未披露的重大信息，公司基本面是否发生重大变化；公司股东及实际控制人是否计划对公司进行股权转让、资产重组以及其他对公司有重大影响的事项；以及是否存在涉嫌内幕交易的情形等。11月14日晚，西安饮食回复深交所关注函，经确认，公司无应予以披露而未披露的事项或与该事项有关的筹划、商谈、意向、协议等；董事会也未获悉公司应予以披露而未披露的、对本公司股票价格产生较大影响的信息。不过，公司披露了其餐饮门店的最新进展。因疫情影响，根据西安市新型冠状病毒肺炎疫情防控相关工作要求，公司所属餐饮门店自2022年10月11日起暂停店堂营业。之后，按照西安市最新疫情防控工作安排，公司所属门店自2022年10月28日起有序开放店堂营业。值得一提的是，在股价异动公告中，公司提到，前期有投资者通过深交所互动易平台提问，涉及公司与西凤酒、习酒等酒企的重组事宜。公司表示，未收到有关与西凤酒、习酒重组的计划，如有重大事项公司将及时披露相关公告。西凤酒曾是“四大名酒”中唯一未上市的酒企，在资本市场之外徘徊多年，坊间也不时有其借壳上市的传言，陕西省内多家上市公司都与其有过借壳传闻。西凤酒官网资料显示，2022年，西凤品牌价值为2120.11亿元，位居中国白酒类品牌价值排行榜前列。目前，公司总资产突破80亿元，年生产能力10万吨，是西北地区最大的国家名酒制造企业、陕西省利税大户之一。习酒借壳传闻也被热炒酒企借壳传闻被热炒的不仅是西凤酒，习酒借壳贵绳股份、贵广网络、*ST天成等公司的传闻，更是引起相关公司股价持续大涨。今年7月，茅台集团把持有贵州习酒的82%股权无偿划归给了贵州省国资委，不再全资控股贵州习酒。贵州习酒正式“脱茅单飞”，贵州茅台与贵州习酒的同业竞争问题也得到解决。今年8月下旬，习酒公司又发生工商变更，原股东贵州省人民政府国有资产监督管理委员会不再直接持有82%股份，变更为由贵州习酒投资控股集团有限责任公司、贵州省黔晟国有资产经营有限责任公司(黔晟国资)分别持股57%、25%。习酒的接连动作引起市场关注，其重启上市的呼声也愈发响亮，相关壳资源股也先后被热炒，股价出现不同程度上涨，其中，贵绳股份涨幅更大。据贵州习酒官网资料显示，贵州习酒于1998年加入茅台集团，在茅台集团的支持和帮助下发展壮大，品牌价值1690.53亿元，位列贵州省白酒第二名、中国白酒前八名，中国酱酒第二名。目前，公司具有5万余吨的优质基酒年生产、包装能力及18万吨的基酒贮存能力。“十四五”末，将发展成为一个具备10万千升产能的大型企业集团。公司纷纷回应因相关酒企动作频频，引起市场对酒企借壳猜想，但相关上市公司均进行了“否认”。被传习酒借壳的贵绳股份、贵广网络、*ST天成此前曾多次回应，贵绳股份更是多次发公告提醒投资者，相关传闻不属实。贵绳股份对于习酒借壳传闻曾表示，公司开展全面调查，并向控股股东及实际控制人进行了征询。公司、公司控股股东及实际控制人均不存在影响公司股票交易异常波动的重大事项。公司并不涉及与酒企业的“借壳”、“重组”的洽谈或谈判等相关行为，也无计划从事与酒相关业务，关于公司“酒企借壳”的相关传闻不属实。贵广网络也曾公告称，公司关注到市场关于公司“酒企借壳、重组”相关传闻，经自查，公司、控股股东、实际控制人均不存在筹划涉及上市公司的应披露而未披露的重大事项。公司不涉及“酒企借壳、重组”相关情形，市场关于公司“酒企借壳、重组”相关传闻不属实。*ST天成也表示，公司关注到存在关于公司“酒企借壳”的相关传闻。公司开展全面调查，并向公司相关股东进行了征询。公司并不涉及与酒企业的“借壳”、“重组”的洽谈或谈判等相关行为，关于公司“酒企借壳”的相关传闻不属实。近期，西凤酒借壳传闻被热炒，相关上市公司也进行了回应。针对“西凤酒近期有没有借贵司壳上市的计划”的提问，永吉股份在互动平台回复称，公司目前暂无问题所述的相关计划。西安饮食也公告称，前期有投资者通过深交所互动易平台提问，涉及公司与西凤酒、习酒等酒企的重组事宜。公司已通过互动易予以回复：公司未收到有关与西凤酒、习酒重组的计划，如有重大事项公司将及时披露相关公告#今日看盘##财经#,,,,"今日看盘,财经",0,0,1,2022-11-15 08:53,iPhone XR,,,
4793595053216393,LDgPLduJj,3339473230,雍州节度使,#西安生活#西安春发生饭店始建于1920年，是一家以经营陕西地方风味小吃“葫芦头泡馍”闻名的百年老字号饭店。上世纪二十年代，西安一位文人在品尝了该店的葫芦头泡馍后，取杜甫《春夜喜雨》诗中“好雨知时节，当春乃发生”的名句，为该店题写了店名“春发生”，遂以此定为店名。南院门店对面是西安古旧书店，好书是真不少，可惜我大部分都买不起。,,,,西安生活,3,6,16,2022-07-21 09:06,荣耀50 5G,"['https://wx3.sinaimg.cn/large/c70c514ely1h4dw4f8ejuj22yo2804qs.jpg', 'https://wx1.sinaimg.cn/large/c70c514ely1h4e9wc2360j22yo280x6q.jpg', 'https://wx4.sinaimg.cn/large/c70c514ely1h4dw47rtwlj22yo2801kz.jpg', 'https://wx1.sinaimg.cn/large/c70c514ely1h4e9wdzbvej230g29ce83.jpg']",,
4778135260763061,LwMEC3cvr,7460437755,翰墨碑林文化之城,#寻“迹”碑林非遗#你吃过“非遗”吗？碑林的非遗不只民间传统的音乐、戏曲、舞蹈和美术，更有美食！“春发生葫芦头泡馍”就是其中之一~春发生创建于1920年，其名取自唐代大诗人杜甫《春夜喜雨》诗中的“好雨知时节，当春乃发生”的名句。“春发生葫芦头泡馍”继承了药王孙思邈的养生食疗理念，沿袭了上千年的传统烹制工艺，是一家以经营“汉唐养生宴”、“养生五行菜”及“葫芦头泡馍”等特色美食和风味小吃的特一级饭店。“五行系列炒菜”、“葫芦头泡馍”、“水盆大肉”、“三鲜煮馍”等十余个菜点先后被国家商业部、中国烹饪协会评为“中国名菜”、“中华名小吃”称号。,,,,寻“迹”碑林非遗,1,0,0,2022-06-08 17:14,新版微博 weibo.com,"['https://wx3.sinaimg.cn/large/0088TeFdly1h30yctfrdbj30fa0du79b.jpg', 'https://wx2.sinaimg.cn/large/0088TeFdly1h30yczdxqlj30jg0d5ahz.jpg']",,
4774235971258487,Lv9dr5hob,5242063994,Surrender不中,我太喜欢“春发生”这间饭店的名字了。看完老唐的视频一直在🧠回荡。,,,,,0,0,1,2022-05-28 23:00,iPhone客户端,,,
4758108935554173,LonG5niTr,2479979312,德发长,三月三日空气新，长安水边多丽人#最好的时光在书里#@文明西安@中国文明网@饮食西安@春发生饭店,,,"文明西安,中国文明网,饮食西安,春发生饭店",最好的时光在书里,0,0,0,2022-04-14 10:57,新版微博 weibo.com,"['https://wx4.sinaimg.cn/large/93d17b30ly1h191y2udotj22tc240x6p.jpg', 'https://wx1.sinaimg.cn/large/93d17b30ly1h191y41xw2j22402tc7wi.jpg']",,
4758091994761567,LoneLjYHt,2479979312,德发长,最好的时光在书里，放慢脚步浏览书香。#最好的时光在书里#@文明西安@中国文明网@饮食西安@春发生饭店,,,"文明西安,中国文明网,饮食西安,春发生饭店",最好的时光在书里,1,0,1,2022-04-14 09:49,新版微博 weibo.com,"['https://wx1.sinaimg.cn/large/93d17b30ly1h190amtqo4j20ia0pvgnf.jpg', 'https://wx1.sinaimg.cn/large/93d17b30ly1h190ap0iazj20fm0hb765.jpg']",,
4720058763316069,L8pOQdUEZ,1752548632,穷游锦囊,【#西安已到了与病毒殊死较量的关键时期#】西安加油✊愿城市早日一如往昔～每天早晨，去回民风情坊吃早餐，在那宾客盈门的小店中品尝一下贾三灌汤包、平娃烤肉、红红酸米等各色小吃；上午，去古老宽阔的城墙上骑着自行车，极目远眺，城里城外风光一览无余；中午，在春发生饭店品尝特色的葫芦头，在西安饭庄品尝著名的羊肉泡馍；下午，到钟楼听一场原汁原味的秦腔，或是到大唐芙蓉园看一场梦回大唐的歌舞；傍晚，欣赏大唐芙蓉园那如仙宫般的夜景后，再到古城墙根下的酒吧来一杯小酒。西安一天的生活，犹如跨越了时空，混乱了朝代，似古非古，似今非今，却又浑然天成，分外诱人。负责任的旅行穷游锦囊《西安》，下载可戳：O网页链接图via穷游er元気滿滿莱克茜,,,,西安已到了与病毒殊死较量的关键时期,2,1,6,2021-12-30 10:59,负责任的旅行超话,"['https://wx2.sinaimg.cn/large/6875c518ly1gxvoc9z45dj21400u0wof.jpg', 'https://wx3.sinaimg.cn/large/6875c518ly1gxvocvfhy3j21410u0n76.jpg', 'https://wx4.sinaimg.cn/large/6875c518ly1gxvocbtlh9j21400u0ajz.jpg', 'https://wx1.sinaimg.cn/large/6875c518ly1gxvocc0u34j21400u0dq7.jpg', 'https://wx4.sinaimg.cn/large/6875c518ly1gxvocy08dfj215o0rsjyn.jpg', 'https://wx1.sinaimg.cn/large/6875c518ly1gxvoc9ocqoj21410u049d.jpg', 'https://wx4.sinaimg.cn/large/6875c518ly1gxvocqbbt7j21400u00zh.jpg', 'https://wx1.sinaimg.cn/large/6875c518ly1gxvochr143j20u00u0dnf.jpg', 'https://wx2.sinaimg.cn/large/6875c518ly1gxvoca5invj21400u0tky.jpg']",,
4695918928724740,KEfhWABHC,5893853787,微曲江,#微眼看曲江#【易俗社街区IN食西安老字号集群暂停营业！】据西安市新型肺炎疫情联防联控有关要求，为确保广大顾客及员工的健康和安全，自10月24日起，西安饮食股份有限公司易俗社街区IN食西安老字号集群(西安饭庄、大香港酒楼、聚丰园饭店、五一饭店、西安烤鸭店、同盛祥饭庄、新中华甜品店、桃李秦椒炒肉、白云章饺子馆、串佬儿烧烤酒馆等)将暂停营业，具体恢复营业时间将会在第一时间予以公告。其中，五一鲜包售卖地址迁至碑林区南院门25号春发生饭店及劳卫路西荷花园西安烤鸭店“五一鲜包”档口继续为广大市民提供服务。,,,,微眼看曲江,0,0,0,2021-10-24 20:16,荣耀Play 让快更快,['https://wx4.sinaimg.cn/large/006qS0BRly1gvqny8wfskj60bz0l60wi02.jpg'],,
4695807422890360,KEco6c7UI,3804173419,各界导报社官微,#西安疫情防控收紧#【易俗社街区IN食西安老字号集群暂停营业】根据西安市新型肺炎疫情联防联控有关要求，为确保广大顾客及员工的健康和安全，自10月24日起，西安饮食股份有限公司易俗社街区IN食西安老字号集群（西安饭庄、大香港酒楼、聚丰园饭店、五一饭店、西安烤鸭店、同盛祥饭庄、新中华甜品店、桃李秦椒炒肉、白云章饺子馆、串佬儿烧烤酒馆等）将暂停营业，具体恢复营业时间将会在第一时间予以公告。其中，五一鲜包售卖地址迁至碑林区南院门25号春发生饭店及劳卫路西荷花园西安烤鸭店“五一鲜包”档口继续为广大市民提供服务。（华商网）,,,,西安疫情防控收紧,0,0,0,2021-10-24 12:53,vivo 全新水滴屏手机,['https://wx4.sinaimg.cn/large/0049rVhNly1gvqb57sr4hj60hs0dctad02.jpg'],,
4695801986811280,KEcfkszVm,2920215241,饮食西安,根据西安市新型肺炎疫情联防联控有关要求，为确保广大顾客及员工的健康和安全，自10月24日起，西安饮食股份有限公司易俗社街区IN食西安老字号集群（西安饭庄、大香港酒楼、聚丰园饭店、五一饭店、西安烤鸭店、同盛祥饭庄、新中华甜品店、桃李秦椒炒肉、白云章饺子馆、串佬儿烧烤酒馆等）将暂停营业，具体恢复营业时间将会在第一时间予以公告。其中，五一鲜包售卖地址迁至碑林区南院门25号春发生饭店及劳卫路西荷花园西安烤鸭店“五一鲜包”档口继续为广大市民提供服务。在此期间，西安饮食股份有限公司其他门店均正常营业，就餐地址和预定电话请在“IN食西安”公众号会员中心查询。感谢广大顾客朋友的理解与支持，顺祝您及家人安康吉祥！西安饮食股份有限公司2021年10月24日,,,,,0,0,1,2021-10-24 12:31,iPhone客户端,['https://wx1.sinaimg.cn/large/003bCVnPly1gvqaiq9gtkj60uk071aau02.jpg'],,
4695788481939655,KEbTy88AL,3484154487,三秦都市报唐朝报道,  【易俗社街区IN食西安老字号集群暂停营业】2021年10月24日，西安饮食股份有限公司发布公告，易俗社街区IN食西安老字号集群暂停营业。公告称，根据西安市新型肺炎疫情联防联控有关要求，为确保广大顾客及员工的健康和安全，自10月24日起，西安饮食股份有限公司易俗社街区IN食西安老字号集群（西安饭庄、大香港酒楼、聚丰园饭店、五一饭店、西安烤鸭店、同盛祥饭庄、新中华甜品店、桃李秦椒炒肉、白云章饺子馆、串佬儿烧烤酒馆等）将暂停营业，具体恢复营业时间将会在第一时间予以公告。其中，五一鲜包售卖地址迁至碑林区南院门25号春发生饭店及劳卫路西荷花园西安烤鸭店“五一鲜包”档口继续为广大市民提供服务。    在此期间，西安饮食股份有限公司其他门店均正常营业。               ,,,,,0,0,2,2021-10-24 11:38,三秦都市报HarmonyOS设备,['https://wx1.sinaimg.cn/large/003NN9K7ly1gvq8wo3rlhj60xc1pptl902.jpg'],,
4695777689734374,KEbC8EQm2,1830055592,陕西都市热线,【#西安易俗社街区多家老字号暂停营业#】根据西安市新型肺炎疫情联防联控有关要求，为确保广大顾客及员工的健康和安全，自10月24日起，西安饮食股份有限公司易俗社街区IN食西安老字号集群（西安饭庄、大香港酒楼、聚丰园饭店、五一饭店、西安烤鸭店、同盛祥饭庄、新中华甜品店、桃李秦椒炒肉、白云章饺子馆、串佬儿烧烤酒馆等）将暂停营业，具体恢复营业时间将会在第一时间予以公告。其中，五一鲜包售卖地址迁至碑林区南院门25号春发生饭店及劳卫路西荷花园西安烤鸭店“五一鲜包”档口继续为广大市民提供服务。#陕西新增2例本土病例#via.IN食西安,,,,"西安易俗社街区多家老字号暂停营业,陕西新增2例本土病例",0,0,0,2021-10-24 10:55,微博 weibo.com,['https://wx1.sinaimg.cn/large/001ZQJ3Gly1gvq7qaf0o0j60gf0gm41d02.jpg'],,
4695777555513995,KEbBVn8rp,1915671961,陕西都市快报,【#西安易俗社街区多家老字号暂停营业#】根据西安市新型肺炎疫情联防联控有关要求，为确保广大顾客及员工的健康和安全，自10月24日起，西安饮食股份有限公司易俗社街区IN食西安老字号集群（西安饭庄、大香港酒楼、聚丰园饭店、五一饭店、西安烤鸭店、同盛祥饭庄、新中华甜品店、桃李秦椒炒肉、白云章饺子馆、串佬儿烧烤酒馆等）将暂停营业，具体恢复营业时间将会在第一时间予以公告。其中，五一鲜包售卖地址迁至碑林区南院门25号春发生饭店及劳卫路西荷花园西安烤鸭店“五一鲜包”档口继续为广大市民提供服务。#一键查询距离最近的24小时核酸采样点#via.IN食西安,,,,"西安易俗社街区多家老字号暂停营业,一键查询距离最近的24小时核酸采样点",0,0,2,2021-10-24 10:54,360安全浏览器,['https://wx2.sinaimg.cn/large/0025DXMRly1gvq7ovpu00j60gf0gmju802.jpg'],,
4695774040425762,KEbwg1ML8,2208160981,西安新闻网,【#易俗社街区IN食西安老字号集群暂停营业#】根据西安市新型肺炎疫情联防联控有关要求，为确保广大顾客及员工的健康和安全，自10月24日起，西安饮食股份有限公司易俗社街区IN食西安老字号集群（西安饭庄、大香港酒楼、聚丰园饭店、五一饭店、西安烤鸭店、同盛祥饭庄、新中华甜品店、桃李秦椒炒肉、白云章饺子馆、串佬儿烧烤酒馆等）将暂停营业，具体恢复营业时间将会在第一时间予以公告。其中，五一鲜包售卖地址迁至碑林区南院门25号春发生饭店及劳卫路西荷花园西安烤鸭店“五一鲜包”档口继续为广大市民提供服务。（via.华商网）,,,,易俗社街区IN食西安老字号集群暂停营业,0,0,0,2021-10-24 10:40,微博 weibo.com,['https://wx4.sinaimg.cn/large/002prdxHly1gvq7b4v0s6j60hs0dc0ud02.jpg'],,
4695772249196313,KEbtmCAnD,1644855075,华商网,【#易俗社街区IN食西安老字号集群暂停营业#】根据西安市新型肺炎疫情联防联控有关要求，为确保广大顾客及员工的健康和安全，自10月24日起，西安饮食股份有限公司易俗社街区IN食西安老字号集群（西安饭庄、大香港酒楼、聚丰园饭店、五一饭店、西安烤鸭店、同盛祥饭庄、新中华甜品店、桃李秦椒炒肉、白云章饺子馆、串佬儿烧烤酒馆等）将暂停营业，具体恢复营业时间将会在第一时间予以公告。其中，五一鲜包售卖地址迁至碑林区南院门25号春发生饭店及劳卫路西荷花园西安烤鸭店“五一鲜包”档口继续为广大市民提供服务。,,,,易俗社街区IN食西安老字号集群暂停营业,0,0,2,2021-10-24 10:33,微博 weibo.com,['https://wx4.sinaimg.cn/large/001NjDWzly1gvq73rx7v3j60hs0dcq4k02.jpg'],,
4695765076938253,KEbhNt6Xj,7228682504,国企那些事儿,#国企招聘##招聘信息#一、公司简介：西安旅游集团有限责任公司是西安市政府批准成立的大型国有独资旅游企业集团，是政府授权的投资机构和资本运营机构，成立于1999年6月，注册资本30亿元，在职职工万人。集团下辖各级子公司近百家。其中，控股西安旅游、西安饮食两家上市公司，拥有1个世界级地质公园(终南山地质公园)、4个4A级景区(西安秦岭野生动物园、朱雀国家森林公园、太平国家森林公园等)、1个专科学院(西安桃李学院)、18家特色酒店(钟楼饭店、金花大酒店等)、11家中华老字号餐饮品牌(西安饭庄、老孙家、德发长、同盛祥、春发生、东亚饭店、白云章等)、5个国家和省级非物质文化遗产、2家国家百强、陕西十强旅行社(西安海外旅行社、西安中旅旅行社)、1个国家级服务业标准化物业企业、1个运能稳居陕西前三甲的旅游汽车公司、1个中国驰名商标、36个著名商标。近年来，在西安建设国家中心城市的目标指引下，西安旅游集团有限责任公司抓抢文旅融合发展机遇，着力打造智慧旅游、特色餐饮、品质酒店、美丽景区、旅游地产、基金投资和旅游服务产业体系，积极推进“6+N”发展战略，以高品质旅游服务集成商、美好生活服务家为战略定位，通过全要素整合、全产业链运作，加快追赶超越，实现专业化、规模化、集约化发展，向百亿级旅游集团目标迈进。为了广纳人才，吸收新鲜血液，进一步打造敢担当作为、勇干事创业的高素质、专业化团队，现集团总部面向高校招聘，具体如下：二、招聘对象：2022届本科及以上应届毕业生2023届本科及以上毕业生(针对见习生招聘)三、招聘岗位本次招聘11类岗位，具体如下：1、财务金融管理类(财务金融管理类见习生)详情戳：O网页链接,,,,"国企招聘,招聘信息",0,0,0,2021-10-24 10:05,新版微博 weibo.com,,,
4681706605644369,KyhyQnGmd,5893853787,微曲江,#爱西安迎全运#【这次，轮到西安老字号代表团carry全场】#微眼看曲江#中华老字号品牌餐饮是西安形象展示的重要窗口和旅游名片。为了让全国运动健儿和市民游客感受精彩赛事的同时品味西安味道，他们把老字号美食街开在了场馆跟前，与奥体中心一“墙”之隔。西安饭庄丝路美食街项目，经过精心筹备现已高标准启航！在这里，你可以品尝西安饭庄的凉皮、肉夹馍；还可尽情品味同盛祥饭庄的牛羊肉泡馍；白云章的酸汤羊肉水饺；春发生的优质葫芦头；桃李村饭店的粉蒸肉和黄焖鸡。五家口口相传的老字号品牌，特色美食、创新陕菜、精品小吃一网打尽，各位老饕万万不可错过。振兴老字号·助力十四运。西安饭庄丝路美食街将全面为十四运会提供老字号餐饮品牌，用餐保障服务。他们，准备好了。@中国文明网@文明西安,,,"中国文明网,文明西安","爱西安 迎全运,微眼看曲江",1,2,1,2021-09-15 15:01,荣耀Play 让快更快,"['https://wx2.sinaimg.cn/large/006qS0BRly1guhbi8zu8dj60u00gv41h02.jpg', 'https://wx1.sinaimg.cn/large/006qS0BRly1guhbiaarpfj60u00dwq6k02.jpg', 'https://wx2.sinaimg.cn/large/006qS0BRly1guhbigeomzj60u00mi0wv02.jpg', 'https://wx3.sinaimg.cn/large/006qS0BRly1guhbilxduwj60u00mi78702.jpg', 'https://wx4.sinaimg.cn/large/006qS0BRly1guhborq5d6g60u00mi7wi02.jpg', 'https://wx3.sinaimg.cn/large/006qS0BRly1guhbosd31rj60u00mitcj02.jpg']",,
4681631179212881,KyfBbCEGR,2822855241,曲江新区,#爱西安迎全运#【这次，轮到我carry全场——西安老字号代表团】#微眼看曲江#中华老字号品牌餐饮是西安形象展示的重要窗口和旅游名片。为了让全国运动健儿和市民游客感受精彩赛事的同时品味西安味道，他们把老字号美食街开在了场馆跟前，与奥体中心一“墙”之隔。西安饭庄丝路美食街项目，经过精心筹备现已高标准启航！在这里，你可以品尝西安饭庄的凉皮、肉夹馍；还可尽情品味同盛祥饭庄的牛羊肉泡馍；白云章的酸汤羊肉水饺；春发生的优质葫芦头；桃李村饭店的粉蒸肉和黄焖鸡。五家口口相传的老字号品牌，特色美食、创新陕菜、精品小吃一网打尽，各位老饕万万不可错过。振兴老字号·助力十四运。西安饭庄丝路美食街将全面为十四运会提供老字号餐饮品牌，用餐保障服务。他们，准备好了。@中国文明网@文明西安,,,"中国文明网,文明西安","爱西安 迎全运,微眼看曲江",1,0,0,2021-09-15 10:01,360安全浏览器,"['https://wx4.sinaimg.cn/large/00352pBfly1guh2zs4jgbj60u00gvjuc02.jpg', 'https://wx3.sinaimg.cn/large/00352pBfly1guh2zs5fozj60u00dwjv002.jpg', 'https://wx1.sinaimg.cn/large/00352pBfly1guh2zs4tfkj60u00miq7202.jpg', 'https://wx4.sinaimg.cn/large/00352pBfly1guh2zs8fjeg60u00mi7wi02.jpg', 'https://wx3.sinaimg.cn/large/00352pBfly1guh2zs527ij60u00mitcm02.jpg', 'https://wx1.sinaimg.cn/large/00352pBfly1guh2zsayacj60u00mijv702.jpg']",,
4671471228290652,KtZiayMMc,2154751324,西安市人力资源市场,#急招急聘#西安市饮食股份有限公司春发生饭店联系人：崔女士联系电话：13186191052更多信息请登录O网页链接,,,,急招急聘,0,0,0,2021-08-18 09:09,急招急聘超话,['https://wx1.sinaimg.cn/large/002lP7fCly1gtko4ogvl7j605402lgle02.jpg'],,
4635074698151110,KeIs5yctw,3484154487,三秦都市报唐朝报道,【西饮饮食8老字号拿下11项大奖】5月9日，第二届#中华节气菜邀请赛#颁奖大会在西安举行。西饮饮食8个老字号代表队拿下11项大奖。作为本次活动的承办单位，西安饮食股份公司旗下西安饭庄、老孙家、德发长、同盛祥、西安烤鸭店、春发生饭店、东亚饭店、常宁宫、福盈门大香港酒楼等全部派员参赛参赛。他们运用时令食材，制作当地特色菜品。西安饭庄带来了一叶夏至、秦川酱汁牛肉配渭北白芦笋、树莓酱水晶莲菜饼参赛作品，老孙家饭庄展示了蚕豆牛仔粒、油焖笋子、酥皮荠菜饼，德发长酒店的初夏、荷塘月色、谷香牛肉，同盛祥饭庄的香椿虾胶酿羊肚菌，莲蓬桂鱼，金丝饼，西安烤鸭店的鲜花椒脆烧牛小排、茉莉花香鱼茸金针菇、鲜虾冰花煎饺，春发生饭店的谷雨茶叙、初夏肠鲜、绿豆莲蓉卷，东亚饭店的豌豆泥溜黄鱼脯、虾仔茭白、樱桃慕斯，大香港酒楼的一品鸽吞鲍鱼、立夏之恋、吞豆腐脆皮鲜瑶柱配鱼子酱等，这些饱含智慧与精湛烹饪技艺的作品，或丰富生动，或意境悠然，或口感独特，充分展示了陕菜和陕西小吃的魅力，受到了评委们的好评。最终，西安饭庄、德发长、同盛祥、西安烤鸭店代表队荣获邀请赛金奖，同盛祥饭庄代表队获最佳滋味奖和最佳面点奖，西安饭庄代表队获最佳创意奖，老孙家、春发生、东亚饭店、常宁宫和西安福迎门代表队获邀请赛优秀奖。#唐朝报道##廿四节气说#,,,,"中华节气菜邀请赛,唐朝报道,廿四节气说",1,0,0,2021-05-09 22:43,三秦都市报Android,"['https://wx3.sinaimg.cn/large/cfabfa77ly1gqcjpetev2j21kv0u57wh.jpg', 'https://wx1.sinaimg.cn/large/cfabfa77ly1gqcjpgih7jj21kw0ykb29.jpg', 'https://wx2.sinaimg.cn/large/cfabfa77ly1gqcjphj6buj21jl0yb7va.jpg', 'https://wx4.sinaimg.cn/large/cfabfa77ly1gqcjpihtihj21kw0ytqu6.jpg', 'https://wx2.sinaimg.cn/large/cfabfa77ly1gqcjpjtovjj21kw0yg7wh.jpg', 'https://wx4.sinaimg.cn/large/cfabfa77ly1gqcjpd1ch9j21kw0ye1kx.jpg', 'https://wx2.sinaimg.cn/large/cfabfa77ly1gqcjplc9raj21kw0yde81.jpg', 'https://wx3.sinaimg.cn/large/cfabfa77ly1gqcjpmq0tpj21kn0wlb29.jpg', 'https://wx4.sinaimg.cn/large/cfabfa77ly1gqcjpnu3cpj21kw0z11kx.jpg']",,
4634999229254086,KeGumCPps,3763554674,荣宝斋书画部,又到今日午餐时西安老字号“春发生”葫芦头泡馍提起“葫芦头泡馍”，作为老陕，尤其西安市民，几乎是无人不知。“葫芦头泡馍”，是西安特有的传统风味佳肴。西安葫芦头泡馍馆很多，尤以“春发生”饭店为正宗。它味醇汤浓、鲜香可口，馍筋肉嫩，肥而不腻，名闻遐迩，享誉中外。,,,,,0,0,0,2021-05-09 17:43,iPhone X,"['https://wx1.sinaimg.cn/large/e0534972gy1gqcbf4azjaj20dw0ii76k.jpg', 'https://wx4.sinaimg.cn/large/e0534972gy1gqcbf52wt8j20fa0dutap.jpg', 'https://wx2.sinaimg.cn/large/e0534972gy1gqcbf3q7q8j21400u0128.jpg']",,
4634637206815940,Kex4ssB8w,3484154487,三秦都市报唐朝报道,全国名厨西安竞作时令菜西饮老字号尽展陕菜魅力——第二届中华节气菜邀请赛在西安举行5月8日，第二届#中华节气菜邀请赛#在西安饭庄开赛，由此拉开第五届丝博会陕菜国际美食文化节帷幕。本次比赛阵容强大，来自全国各地30多个代表队的烹饪高手同场竞技，从早7：30分开始持续至16：30分结束，比赛为团体赛，每队三人，参赛人员要求为从事烹饪工作10年以上的专业厨师。每队选手要制作两道热菜和一道面点，均为自选，菜点设计思路需围绕谷雨、立夏、小满等夏季节气。此次邀请赛讲究绿色健康、环保节约，要求选手制作小份菜，避免浪费。据大赛评委、西安饭庄副总经理、陕菜和陕西风味小吃制作技艺非遗传承人徐海军介绍，作为本次活动的承办单位，西安饮食股份公司派出了西安饭庄、老孙家、德发长、同盛祥、西安烤鸭店、春发生饭店、东亚饭店、大香港酒楼8个参赛队24位优秀厨师。他们运用时令食材，制作当地特色菜品，充分展示了陕菜和陕西小吃的魅力，受到了评委们的好评。据悉，第五届丝博会陕菜国际美食文化节于5月8日-15日在西安举办。本次美食节由美食嘉年华、第二届中华节气菜大会、陕西餐饮产业合作活动等三大板块六项系列活动构成，具体包括2021餐饮业高质量发展峰会暨第二届中华节气菜大会开幕式暨陕菜品鉴会、2021餐饮业高质量发展峰会、第五届地方菜系发展论坛、陕西餐饮产业合作大会、第二届中华节气菜邀请赛及颁奖典礼活动。5月9日将举办的餐饮业高质量发展峰会和第五届地方菜系发展论坛，将重磅发布首批《陕西二十四节气菜》。届时，将有商务主管部门、各餐饮行业协会、职业教育机构、餐饮企业和电商平台代表和专家作主题发言，探讨在新时代背景下打造餐饮新概念，餐饮业应对产业变革升级的先驱贡献和重要价值，分析特色餐饮产业化建设关键节点，研究餐饮业高质量发展于传统文化的融合创新。在5月8日—15日西安国际会展中心的美食节上，将展销西安老字号美食、非遗美食、地方特色美食、时尚网红美食和餐饮配套商品，同时也将带来老字号主题特色宴席及技艺展演。三秦都市报全媒体记者#唐朝报道#,,,,"中华节气菜邀请赛,唐朝报道",0,0,1,2021-05-08 17:44,360安全浏览器,"['https://wx2.sinaimg.cn/large/cfabfa77ly1gqb5myb1n6j21400u0qv7.jpg', 'https://wx3.sinaimg.cn/large/cfabfa77ly1gqb5n20xqmj21900u07wz.jpg', 'https://wx4.sinaimg.cn/large/cfabfa77ly1gqb5mz2glxj20u0140e82.jpg', 'https://wx1.sinaimg.cn/large/cfabfa77ly1gqb5my77j5j20u018ikjm.jpg', 'https://wx4.sinaimg.cn/large/cfabfa77ly1gqb5myjuogj21400u01kz.jpg', 'https://wx4.sinaimg.cn/large/cfabfa77ly1gqb5mv6r1fj21400u0x6q.jpg', 'https://wx3.sinaimg.cn/large/cfabfa77ly1gqb5mwkatqj218g0u0b29.jpg', 'https://wx1.sinaimg.cn/large/cfabfa77ly1gqb5mwdn15j218g0u0x6p.jpg', 'https://wx2.sinaimg.cn/large/cfabfa77ly1gqb5mxi8ngj218g0u0u0x.jpg']",,
4633995377905189,Kegnfxav3,2012467995,Liweixiang3,小时候爸爸在外地工作，老妈独自一人既要工作还要抚养我们，但也会在节假日尽量带我们去公园玩。在我的记忆里东大街的饭馆，没有没去吃过的，五七食堂，东亚饭店，大华饭店，解放饭店，清雅斋，新中华甜食店，春发生葫芦头，同盛祥泡馍，老孙家泡馍……据说刚会走路的我就开始吃泡馍了……我不知道在那个物资匮乏的年代妈妈是怎么做到的，从没有让我们有物质上和心理上的贫穷感，也许是有些苦的东西我早已经忘记了，这更使我由衷的感谢妈妈给了我们乐观自信的性格。,,重庆,,,0,0,6,2021-05-06 23:14,iPhone客户端,"['https://wx4.sinaimg.cn/large/77f3d31bly1gq91h1uegwj22c03404qp.jpg', 'https://wx3.sinaimg.cn/large/77f3d31bly1gq91ecpv6uj20u0140gs4.jpg', 'https://wx1.sinaimg.cn/large/77f3d31bly1gq91ec4gnmj22c03404qu.jpg', 'https://wx4.sinaimg.cn/large/77f3d31bly1gq91eecxswj22c0340hdu.jpg', 'https://wx4.sinaimg.cn/large/77f3d31bly1gq91egh0sgj22c0340hdt.jpg', 'https://wx2.sinaimg.cn/large/77f3d31bly1gq91e4stcyj22c0340b2a.jpg', 'https://wx1.sinaimg.cn/large/77f3d31bly1gq91eiljbzj22c0340u0x.jpg', 'https://wx4.sinaimg.cn/large/77f3d31bly1gq91e7yxz9j22c03407wi.jpg', 'https://wx1.sinaimg.cn/large/77f3d31bly1gq935rvm5yj23402c0x6p.jpg']",,
4632429702155472,KdBDY92JG,2822855241,曲江新区,#微眼看曲江#【独属于碧水绿道的老字号美味】#网络中国节·劳动节#为了让游览绿道的游客近距离感受西安味道，我们将西安饮食老字号搬到了西安湖，西安饮食旗下老孙家饭庄、德发长酒店、同盛祥饭庄、春发生饭店、西安烤鸭店、大香港酒楼6家餐饮品牌单位，几十款老字号特色美食，吸引了不少来往的市民和游客，品尝了美食的市民游客无不大呼过瘾。活动时间：持续至5月5日活动地址：西安湖西南角（雕塑广场向西200米）,,,,"微眼看曲江,网络中国节·劳动节",0,0,0,2021-05-02 15:32,iPhone客户端,"['https://wx1.sinaimg.cn/large/a8415a49ly1gq44b6u8icj20u00gsqsr.jpg', 'https://wx2.sinaimg.cn/large/a8415a49ly1gq44b85cvrj20u00gw7wh.jpg', 'https://wx3.sinaimg.cn/large/a8415a49ly1gq44b8scd6j20u00ij4qp.jpg', 'https://wx3.sinaimg.cn/large/a8415a49ly1gq44b97gp1j20u00gvgp4.jpg', 'https://wx1.sinaimg.cn/large/a8415a49ly1gq44b9jzfjj20u00gv0w6.jpg', 'https://wx3.sinaimg.cn/large/a8415a49ly1gq44baewj3j20u00kfkjl.jpg', 'https://wx3.sinaimg.cn/large/a8415a49ly1gq44bbrd31j20u00gvjtu.jpg', 'https://wx2.sinaimg.cn/large/a8415a49ly1gq44b5xcxgj20u00gvwhm.jpg', 'https://wx1.sinaimg.cn/large/a8415a49ly1gq44bbdyjxj20u00k31a0.jpg']",,
4631300953080725,Kd8hpcVr7,3860734188,明星私服日常,西安#五一出游推荐##五一#【五一游西安·咥遍大长安】来西安，一定要美美地咥一顿！特别是历经百年的老字号美食！一定要去打卡！划重点：西安饭庄的葫芦鸡；老孙家饭庄和同盛祥饭庄的牛羊肉泡馍、德发长酒店的饺子宴、西安烤鸭店的橙汁烤鸭、春发生饭店的葫芦头、白云章饺子馆的羊肉水饺、清雅斋饭庄的羊肉涮锅还有大香港酒楼的粤菜、聚丰园饭店的川菜、城南往事的鲁菜、东亚饭店的本帮菜都是来西安必吃的美食，还有首家聚集全国老字号美食的打卡地【字号兴·IN食西安老字号美食集合】更不可错过……千年古都老字号的故事听不完，常来长安的美食数不尽，是不是有点小激动了？不等啦，安排！@饮食西安,,,饮食西安,"五一出游推荐,五一",1363,1344,1303,2021-04-29 12:47,微博 weibo.com,"['https://wx3.sinaimg.cn/large/e61e20ecgy1gq0io2t3vhj20tv0ix10n.jpg', 'https://wx3.sinaimg.cn/large/e61e20ecgy1gq0io2ume3j20zk0nqavf.jpg', 'https://wx1.sinaimg.cn/large/e61e20ecgy1gq0io3ja3vg20m80ertza.jpg', 'https://wx2.sinaimg.cn/large/e61e20ecgy1gq0io3j9wpg20hr0buai8.jpg', 'https://wx4.sinaimg.cn/large/e61e20ecgy1gq0io47kr2g20hs07ke84.jpg', 'https://wx1.sinaimg.cn/large/e61e20ecgy1gq0io3x107g20hs0a0e84.jpg', 'https://wx2.sinaimg.cn/large/e61e20ecgy1gq0io31kh0g20m80etnij.jpg', 'https://wx4.sinaimg.cn/large/e61e20ecgy1gq0io3iyoig20hs07khdu.jpg', 'https://wx3.sinaimg.cn/large/e61e20ecgy1gq0io3m6l4g20rs0kux24.jpg']",,
4631290546225394,Kd80Cq7vA,3798040615,武汉时尚生活圈,西安#五一出游推荐##五一#【五一游西安·咥遍大长安】来西安，一定要美美地咥一顿！特别是历经百年的老字号美食！一定要去打卡！划重点：西安饭庄的葫芦鸡；老孙家饭庄和同盛祥饭庄的牛羊肉泡馍、德发长酒店的饺子宴、西安烤鸭店的橙汁烤鸭、春发生饭店的葫芦头、白云章饺子馆的羊肉水饺、清雅斋饭庄的羊肉涮锅还有大香港酒楼的粤菜、聚丰园饭店的川菜、城南往事的鲁菜、东亚饭店的本帮菜都是来西安必吃的美食，还有首家聚集全国老字号美食的打卡地【字号兴·IN食西安老字号美食集合】更不可错过……千年古都老字号的故事听不完，常来长安的美食数不尽，是不是有点小激动了？不等啦，安排！@饮食西安,,,饮食西安,"五一出游推荐,五一",148,175,486,2021-04-29 12:06,微博 weibo.com,"['https://wx3.sinaimg.cn/large/e2618027gy1gq0hh3cf7pj20lm0d0gy8.jpg', 'https://wx2.sinaimg.cn/large/e2618027gy1gq0hh4fmytj20t20i87wh.jpg', 'https://wx2.sinaimg.cn/large/e2618027gy1gq0hh63hzxg20dc05ob2e.jpg', 'https://wx4.sinaimg.cn/large/e2618027gy1gq0hh7ef8zg20hs0a01l1.jpg', 'https://wx1.sinaimg.cn/large/e2618027gy1gq0hh8jlqfg20rs0jb4mq.jpg', 'https://wx2.sinaimg.cn/large/e2618027gy1gq0hhbrs0bg20hs07knpf.jpg', 'https://wx1.sinaimg.cn/large/e2618027gy1gq0hhcjlwng20m80goe81.jpg', 'https://wx4.sinaimg.cn/large/e2618027gy1gq0hhd8ta3g20rs0ii1kx.jpg', 'https://wx4.sinaimg.cn/large/e2618027gy1gq0hhe4iymg20hs07ke82.jpg']",,
4630666031661991,KcRLl6Ymj,2309887667,银川生活事,西安#五一出游推荐##五一#【五一游西安·咥遍大长安】来西安，一定要美美地咥一顿！特别是历经百年的老字号美食！一定要去打卡！划重点：西安饭庄的葫芦鸡；老孙家饭庄和同盛祥饭庄的牛羊肉泡馍、德发长酒店的饺子宴、西安烤鸭店的橙汁烤鸭、春发生饭店的葫芦头、白云章饺子馆的羊肉水饺、清雅斋饭庄的羊肉涮锅还有大香港酒楼的粤菜、聚丰园饭店的川菜、城南往事的鲁菜、东亚饭店的本帮菜都是来西安必吃的美食，还有首家聚集全国老字号美食的打卡地【字号兴·IN食西安老字号美食集合】更不可错过……千年古都老字号的故事听不完，常来长安的美食数不尽，是不是有点小激动了？不等啦，安排！@饮食西安,,,饮食西安,"五一出游推荐,五一",147,175,411,2021-04-27 18:44,微博 weibo.com,"['https://wx1.sinaimg.cn/large/89ae16b3gy1gpyhqzs0zpj20lm0d0gy8.jpg', 'https://wx4.sinaimg.cn/large/89ae16b3gy1gpyhr10925j20tv0ix10n.jpg', 'https://wx1.sinaimg.cn/large/89ae16b3gy1gpyhr2fujej20d009fq6g.jpg', 'https://wx2.sinaimg.cn/large/89ae16b3gy1gpyhr40jl4g20m809j1a3.jpg', 'https://wx1.sinaimg.cn/large/89ae16b3gy1gpyhr5flrfg20m80ertza.jpg', 'https://wx4.sinaimg.cn/large/89ae16b3gy1gpyhr6r9plg20hr0buai8.jpg', 'https://wx1.sinaimg.cn/large/89ae16b3gy1gpyhr8h8emg20hs07ke84.jpg', 'https://wx2.sinaimg.cn/large/89ae16b3gy1gpyhr9wuafg20hs0a0e84.jpg', 'https://wx4.sinaimg.cn/large/89ae16b3gy1gpyhraxy3og20m80etnij.jpg']",,
4630665519433426,KcRKvDA42,5504009157,太原寻味记事,西安#五一出游推荐##五一#【五一游西安·咥遍大长安】来西安，一定要美美地咥一顿！特别是历经百年的老字号美食！一定要去打卡！划重点：西安饭庄的葫芦鸡；老孙家饭庄和同盛祥饭庄的牛羊肉泡馍、德发长酒店的饺子宴、西安烤鸭店的橙汁烤鸭、春发生饭店的葫芦头、白云章饺子馆的羊肉水饺、清雅斋饭庄的羊肉涮锅还有大香港酒楼的粤菜、聚丰园饭店的川菜、城南往事的鲁菜、东亚饭店的本帮菜都是来西安必吃的美食，还有首家聚集全国老字号美食的打卡地【字号兴·IN食西安老字号美食集合】更不可错过……千年古都老字号的故事听不完，常来长安的美食数不尽，是不是有点小激动了？不等啦，安排！@饮食西安,,,饮食西安,"五一出游推荐,五一",156,184,448,2021-04-27 18:42,微博 weibo.com,"['https://wx2.sinaimg.cn/large/0060ugdfgy1gpyhorjf9hj30lm0d0gy8.jpg', 'https://wx4.sinaimg.cn/large/0060ugdfgy1gpyhosgr9hj30t20i87wh.jpg', 'https://wx1.sinaimg.cn/large/0060ugdfgy1gpyhoucp25g30dc05ob2e.jpg', 'https://wx1.sinaimg.cn/large/0060ugdfgy1gpyhovp41fg30hs0a01l1.jpg', 'https://wx1.sinaimg.cn/large/0060ugdfgy1gpyhoxpghzg30rs0jb4mq.jpg', 'https://wx1.sinaimg.cn/large/0060ugdfgy1gpyhoz5ggbg30hs07knpf.jpg', 'https://wx4.sinaimg.cn/large/0060ugdfgy1gpyhp0g5uvg30m80goe81.jpg', 'https://wx4.sinaimg.cn/large/0060ugdfgy1gpyhp1wxmjg30rs0ii1kx.jpg', 'https://wx2.sinaimg.cn/large/0060ugdfgy1gpyhp6yf3yg30hs07ke82.jpg']",,
4630664957921299,KcRJBxeGT,5821986171,兰州美食记,西安#五一出游推荐##五一#【五一游西安·咥遍大长安】来西安，一定要美美地咥一顿！特别是历经百年的老字号美食！一定要去打卡！划重点：西安饭庄的葫芦鸡；老孙家饭庄和同盛祥饭庄的牛羊肉泡馍、德发长酒店的饺子宴、西安烤鸭店的橙汁烤鸭、春发生饭店的葫芦头、白云章饺子馆的羊肉水饺、清雅斋饭庄的羊肉涮锅还有大香港酒楼的粤菜、聚丰园饭店的川菜、城南往事的鲁菜、东亚饭店的本帮菜都是来西安必吃的美食，还有首家聚集全国老字号美食的打卡地【字号兴·IN食西安老字号美食集合】更不可错过……千年古都老字号的故事听不完，常来长安的美食数不尽，是不是有点小激动了？不等啦，安排！@饮食西安,,,饮食西安,"五一出游推荐,五一",140,166,338,2021-04-27 18:40,微博 weibo.com,"['https://wx1.sinaimg.cn/large/006m0syLgy1gpyhmgcatug30rs0h8e81.jpg', 'https://wx2.sinaimg.cn/large/006m0syLgy1gpyhmhqcx7g30m80ertza.jpg', 'https://wx2.sinaimg.cn/large/006m0syLgy1gpyhmj7sd3g30hs0a0e84.jpg', 'https://wx3.sinaimg.cn/large/006m0syLgy1gpyhmlwevgg30rs0ik7wh.jpg', 'https://wx4.sinaimg.cn/large/006m0syLgy1gpyhmnyanog30m80et4gu.jpg', 'https://wx2.sinaimg.cn/large/006m0syLgy1gpyhmpl2h3g30rs0jb4mq.jpg', 'https://wx1.sinaimg.cn/large/006m0syLgy1gpyhmr8j2jg30hs07knpf.jpg', 'https://wx3.sinaimg.cn/large/006m0syLgy1gpyhmsyurlg30rs0h84qp.jpg', 'https://wx4.sinaimg.cn/large/006m0syLgy1gpyhmvhlyjg30rs0hd7wh.jpg']",,
4629661545666666,KcrDcnM9Q,5307977303,陕西青年网,"#陕西身边事#《我与春发生的故事》征文启事获奖作者可获得春发生饭店奖金+就餐券,优选作品还将在主流报纸、刊物，网络平台进行刊登,并收录《西安饮食老字号品牌故事集》一书中。O《我与春发生的故事》征文启事",,,,陕西身边事,0,0,0,2021-04-25 00:13,微博 weibo.com,,,
4626154532635104,KaYoJb3vG,5892969498,有为青年2008qian2008,春去春来春发生，原汁原味葫芦头@春发生饭店,,西安·春发生饭店(南院门店),春发生饭店,,0,1,3,2021-04-15 07:57,iPhone客户端,"['https://wx3.sinaimg.cn/large/006qOiz8ly1gpk3ksss3fj32c0340qv5.jpg', 'https://wx4.sinaimg.cn/large/006qOiz8ly1gpk3ktwd0ej32c0340x6p.jpg', 'https://wx1.sinaimg.cn/large/006qOiz8ly1gpk3kvmin2j32c0340b2a.jpg', 'https://wx1.sinaimg.cn/large/006qOiz8ly1gpk3kyncm0j32c03407wi.jpg', 'https://wx4.sinaimg.cn/large/006qOiz8ly1gpk3l07grij320m2ot1ky.jpg', 'https://wx3.sinaimg.cn/large/006qOiz8ly1gpk3l1lh3gj32c0340u0x.jpg']",,
4624060518760734,Ka5VhAL4a,2546974370,文章奇哉,摸不准规律的翻译@春发生饭店,,,春发生饭店,,0,0,0,2021-04-09 13:16,iPhone客户端,"['https://wx1.sinaimg.cn/large/97cfbea2ly1gpdf487p0gj20u0140k07.jpg', 'https://wx4.sinaimg.cn/large/97cfbea2ly1gpdf48nbd0j20u01407cg.jpg']",,
4623667105633175,K9VGKnDrF,2121758941,霸王龙小蛋糕,陕西美食节🔥西安百年历史老字号👊🏻保姆级攻略陕西美食节 马上来啦❗️❗️跟着 陕西美食节 来打卡 西安老字号美食 吧😙😙西安美食 琳琅满目！如果知道怎么选择的话 🔥🔥🔥 这五家 🔥拥有 👊🏻👊🏻西安百年历史的老字号 🔥🔥是来西安 😳😳必打卡的哦 如果第1️⃣yi次来西安👊🏻👊🏻本地人推荐这几个餐厅哦😍而且都在一起挨着非常好找呢 只要人均50 就能赏味 全西安的美食和悠久历史文化😁😁赶紧冲❗️不走冤枉路 ❗️现在攻略来啦（附带历史介绍）-1️⃣春发生（人均40💰南院门内）葫芦头 是 西安本地人爱吃美食 汤香味美 肥肠滋补 😍创始于1920年😍葫芦头制作技艺 继承了孙思邈的食补理念！！好优秀！被列入陕西省shou批非物质文化保护名录 ，环境hin好-2️⃣德发长（人均50💰钟鼓楼广场上面）创始于1936年 有各种各样的小饺子哦！颜值都好🉑️呀！始以经营＂一饺一型一态，百饺百馅百味＂的＂神州绝＂饺子宴而驰名中外。推出的＂盛唐子宴＂和＂二十四节气饺子宴＂，被列入陕西省dhou批非物质文化遗产名录。-3⃣️老孙家（人均40💰东关正街南街路角）西安人 zui爱打卡的泡馍馆子 牛肉泡！羊肉泡 小炒泡馍 都杠杠的！创始于1898年 好久的历史！古丝绸之路饮食文化代表！-4⃣️同盛祥（人均40💰钟鼓楼广场上面德发长对面）创始于1920、也是牛羊肉泡为主！水盆羊肉也很好次哦！里面不用泡馍那种！环境也很好的！-5⃣️西安饭庄（人均50💰钟楼饭店内）创始于1929 西安本地人 爱吃的家常陕菜 西安不只有羊肉泡哦 ，特色菜 😳葫芦鸡 😳泡泡油糕 都很好吃！@微博同城西安美食———————————————————————西安美食攻略西安旅行西安老字号美食陕西美食节西安旅游西安好吃的西安回民街附近西安钟楼附近西安景点西安美食西安甜品西安奶茶店西安颜值甜品西安网红店西安网红地西安拍照地西安热门小吃西安小吃西安下午茶西安旅游西安新店西安咖啡西安蛋糕西安旅游西安首家西安攻略,,西安·西安钟楼回民街,微博同城,,0,4,3,2021-04-08 11:13,iPhone X,"['https://wx4.sinaimg.cn/large/7e7778ddly1gpc5w93l3zj22bb333u0z.jpg', 'https://wx3.sinaimg.cn/large/7e7778ddly1gpc5w6g5lnj22bb332x6q.jpg', 'https://wx3.sinaimg.cn/large/7e7778ddly1gpc5wcupf9j22bb333000.jpg', 'https://wx2.sinaimg.cn/large/7e7778ddly1gpc5w7nwcaj22bb332u0z.jpg', 'https://wx4.sinaimg.cn/large/7e7778ddly1gpc5xeyvljj20s411pb2a.jpg', 'https://wx2.sinaimg.cn/large/7e7778ddly1gpc5wauvqgj22bb333x6r.jpg', 'https://wx4.sinaimg.cn/large/7e7778ddly1gpc5w1uwzdj22bc334b2b.jpg', 'https://wx4.sinaimg.cn/large/7e7778ddly1gpc5xdxelhj22bb333qv6.jpg', 'https://wx4.sinaimg.cn/large/7e7778ddly1gpc5w4yib4j22bc334qv6.jpg']",,
4621646839683258,K958fED3A,6290511847,东哥到处走,"由陕西省人民政府主办，陕西省商务厅、香格里拉集团及西安饮食股份有限公司共同承办的“千年陕菜·美食之源”陕西美食节活动在北京正式启动。从即日起，包括北京中国大饭店、北京国贸大酒店、北京新国贸饭店、北京嘉里大酒店、北京香格里拉饭店以及西安香格里拉大酒店的六家香格里拉集团酒店，将携手“中华老字号”西安饭庄、老孙家、同盛祥、德发长、春发生等五家陕菜餐饮企业，为京城的美食爱好者带来了几十道充满地域特色的陕西美食。美食节期间，北京嘉里大酒店的全日自助餐厅嘉品为客人献上二十余款特色风味小吃自助，餐厅内设有多个现场烹饪台，技艺纯青的大厨们和热情洋溢的服务团队配合默契，一站式呈现琳琅满目的陕西味道。其中绝对不可错过的“金奖虾仁锅贴”，面皮酥脆软韧，馅料味鲜香美；“金线油塔”属于陕西名贵小吃，其层多丝细、松绵不腻，因其形状""提起似金线，放下像松塔”而得名，入口油而不腻，营养丰富。当然还有大名鼎鼎的腊汁肉夹馍，以焦黄的馍搭配腊汁肉，馍香肉酥，肥而不腻。#香格里拉陕西美食节#不可辜负的美食#用宇宙星河来表达我爱你#",,北京·北京嘉里大酒店,,"香格里拉陕西美食节,用宇宙星河来表达我爱你",125,178,341,2021-04-02 21:25,iPhone 11 Pro Max,"['https://wx3.sinaimg.cn/large/006RIluvly1gp5pwrmxebj30u019047p.jpg', 'https://wx3.sinaimg.cn/large/006RIluvly1gp5pws80pfj30u01904b0.jpg', 'https://wx1.sinaimg.cn/large/006RIluvly1gp5pwvzr89j30u0190do1.jpg', 'https://wx3.sinaimg.cn/large/006RIluvly1gp5pwwiu2jj30u0190dmw.jpg', 'https://wx2.sinaimg.cn/large/006RIluvly1gp5pwvja28j30u019046e.jpg', 'https://wx2.sinaimg.cn/large/006RIluvly1gp5pwsqaogj31900u0n4h.jpg', 'https://wx2.sinaimg.cn/large/006RIluvly1gp5pwt4172j31900u00zm.jpg', 'https://wx1.sinaimg.cn/large/006RIluvly1gp5pwtmoq6j30u0190k1x.jpg', 'https://wx1.sinaimg.cn/large/006RIluvly1gp5pwr2rfsj30u0190guf.jpg']",,
4621126053136902,K8RAhda3c,6290511847,东哥到处走,尽管还没去过西安，但已经久闻陕西美食的惊艳。今日，“千年陕菜·美食之源”陕西美食节活动在北京中国大饭店正式启动。此次美食节由陕西省人民政府主办，陕西省商务厅、香格里拉集团及西安饮食股份有限公司共同承办。从即日起，包括北京中国大饭店、北京国贸大酒店、北京新国贸饭店、北京嘉里大酒店、北京香格里拉饭店以及西安香格里拉大酒店的六家香格里拉集团酒店，将携手“中华老字号”西安饭庄、老孙家、同盛祥、德发长、春发生等五家陕菜餐饮企业，为京城的美食爱好者带来了几十道充满地域特色的陕西美食。让大家不出京城就能吃到葫芦鸡、芝麻里脊、奶汤锅子鱼、腊汁肉夹馍、牛羊肉泡馍等经典陕菜。#香格里拉陕西美食节#不可辜负的美食#生活的可爱瞬间#,,北京·中国大饭店,,"香格里拉陕西美食节,生活的可爱瞬间",127,178,387,2021-04-01 10:56,iPhone 11 Pro Max,"['https://wx3.sinaimg.cn/large/006RIluvly1gp422hip2jj30u0190tfs.jpg', 'https://wx1.sinaimg.cn/large/006RIluvly1gp422i4kp4j30u019044a.jpg', 'https://wx4.sinaimg.cn/large/006RIluvly1gp422im1a2j30u019047x.jpg', 'https://wx1.sinaimg.cn/large/006RIluvly1gp422j77a2j31900u0gw6.jpg', 'https://wx2.sinaimg.cn/large/006RIluvly1gp422nn0vgj30u018zgz9.jpg', 'https://wx3.sinaimg.cn/large/006RIluvly1gp422k5hlwj31900u0q9u.jpg', 'https://wx2.sinaimg.cn/large/006RIluvly1gp422klb5wj31900u0gtv.jpg', 'https://wx3.sinaimg.cn/large/006RIluvly1gp422l1k2oj30u0190qbs.jpg', 'https://wx1.sinaimg.cn/large/006RIluvly1gp422lhy3jj30u0190gsu.jpg']",,
4621063704807697,K8PXIkaHv,2133856620,香香花猫,#香格里拉陕西美食节##解锁春光密码##微博聚好玩##你好生活节#“千年陕菜·美食之源”陕西美食节的在京活动正式启动啦！即日起至4月16日期间，香格里拉集团六家酒店将与“中华老字号”西安饭庄、老孙家、同盛祥、德发长、春发生等五家陕菜合作，向北京的美食爱好者展现“千年陕菜”的传承与魅力。这次来新国贸饭店的三五堂，除了原有的经典菜品外，增添了纯正的陕西地道美食和十余款陕味小吃：西安老孙家饭庄的羊肉泡馍；同盛祥的麻酱凉皮；西安饭庄的红糖油糕、辣子蒜羊血、辣子锅盔和贵妃稠酒等等家喻户晓的美味均在其中，大饱口福！🌟推荐：临近清明五一小长假，入住@JEN北京新国贸饭店，品三五堂美食，喝鲜啤吧精酿，吃众·社下午茶，在炼·工场健身做SPA，好不惬意！还有各种亲子，情侣和健身的入住计划！酒店紧邻国贸商城、比邻中国尊、央视总部大楼等北京知名建筑，在此享受运动、娱乐、购物、美食等休闲体验，快来感受别样的帝都魅力！JEN北京新国贸饭店,,北京·新国贸饭店,JEN北京新国贸饭店,"香格里拉陕西美食节,解锁春光密码,微博聚好玩,你好生活节",184,202,975,2021-04-01 06:48,,"['https://wx4.sinaimg.cn/large/7f30116cly1gp3ux0r8m3j22342s5hdt.jpg', 'https://wx1.sinaimg.cn/large/7f30116cly1gp3ux4verxj22342s5e81.jpg', 'https://wx3.sinaimg.cn/large/7f30116cly1gp3ux3xv0bj22342s57wh.jpg', 'https://wx4.sinaimg.cn/large/7f30116cly1gp3ux1wnb0j22342s5e81.jpg', 'https://wx1.sinaimg.cn/large/7f30116cly1gp3ux30m0tj22342s51ky.jpg', 'https://wx2.sinaimg.cn/large/7f30116cly1gp3uwtnhc5j21og2iob2a.jpg', 'https://wx1.sinaimg.cn/large/7f30116cly1gp3uww2hvpj23344mou10.jpg', 'https://wx3.sinaimg.cn/large/7f30116cly1gp3uwzw2w8j21jk2bc7wi.jpg', 'https://wx1.sinaimg.cn/large/7f30116cly1gp3uwyqhp1j21og2ioqv7.jpg']",,
4620877256198514,K8L6Zq0w2,1048573101,稻糠,"香格里拉陕西美食节然现在国内可以自由流动了，但商务出差和度假旅行还是没有完全恢复。春去夏来，又到了赏景吃喝的好时间。困在北京CBD的打工人想念陕西美食不？一直在餐饮上突破创新的新国贸饭店带来了半个月的陕西美食节。“千年陕菜·美食之源”，持续到4月16日，北京中国大饭店、北京国贸大酒店、北京新国贸饭店、北京嘉里大酒店、北京香格里拉饭店以及西安香格里拉大酒店将与“中华老字号”西安饭庄、老孙家、同盛祥、德发长、春发生等五家陕菜餐饮企业展开交流合作，共同呈现六十多款特色菜品，展现“千年陕菜”的传承与魅力。临近清明五一小长假，入住JEN北京新国贸饭店，品三五堂美食，喝鲜啤吧精酿，吃众·社下午茶，在炼·工场健身做SPA,好不惬意！还有各种亲子，情侣和健身的入住计划！酒店紧邻国贸商城、比邻中国尊、央视总部大楼等北京知名建筑，运动、娱乐、购物、美食，帝都魅力一应俱全。",,北京·新国贸饭店,,,0,1,3,2021-03-31 18:27,HUAWEI P30,"['https://wx1.sinaimg.cn/large/3e7ff4adly1gp39ivo9g5j20u013ykdw.jpg', 'https://wx1.sinaimg.cn/large/3e7ff4adly1gp39iwewg9j22402tcb2b.jpg', 'https://wx4.sinaimg.cn/large/3e7ff4adly1gp39ixpmiaj22tc240kjm.jpg', 'https://wx1.sinaimg.cn/large/3e7ff4adly1gp39iyeg0jj22092ockjl.jpg', 'https://wx3.sinaimg.cn/large/3e7ff4adly1gp39izmdjrj22tc240hdt.jpg', 'https://wx3.sinaimg.cn/large/3e7ff4adly1gp39j0j9bkj22tc240e82.jpg', 'https://wx4.sinaimg.cn/large/3e7ff4adly1gp39j22ry8j22402tc7wi.jpg', 'https://wx3.sinaimg.cn/large/3e7ff4adly1gp39j2tt6kj22tc240e82.jpg', 'https://wx2.sinaimg.cn/large/3e7ff4adly1gp39j48v27j22tc240e82.jpg']",,
4620803650094327,K8Jch0oxp,3097688767,陕西发布,【在北京打拼的陕西小伙伴们，来尝家乡味了！#陕西美食飘香北京#】#三秦美食#3月30日，在北京中国大饭店，由陕西省商务厅、西安饮食股份有限公司联合承办的陕西美食节暨2021陕菜产业创新发展高峰论坛火热进行。此次西安饮食股份有限公司组织旗下西安饭庄、德发长、同盛祥、老孙家、春发生5个中华老字号餐饮品牌及其40余名厨师进京参展，陕菜大师现场烹制金鼎葫芦鸡、牛羊肉泡馍、油泼面等60多道经典陕菜和陕味小吃。陕西美食节活动在@北京中国大饭店、@北京嘉里大酒店、@北京香格里拉饭店、@北京国贸大酒店、@北京新国贸饭店5家饭店同时进行，通过陕菜大师的精心制作和各类美食的全景展示，让更多人能够就近品鉴融合了传承与创新的陕西味道，感受三秦大地的风土人情。据悉，陕西美食节活动将于4月16日结束。,,,"北京中国大饭店,北京嘉里大酒店,北京香格里拉饭店,北京国贸大酒店,北京新国贸饭店","陕西美食飘香北京,三秦美食",2,0,4,2021-03-31 13:35,微博 weibo.com,['https://wx4.sinaimg.cn/large/b8a2fabfly1gp2t93ueqlj20dw09agm7.jpg'],,
4620786613092677,K8IKNcYxT,1904761875,香格里拉会,#香格里拉陕西美食节#由陕西省人民政府主办，陕西省商务厅、香格里拉集团及西安饮食股份有限公司共同承办的“千年陕菜·美食之源”活动正式揭幕咯！🎉🎉🎉即日起至4月16日，香格里拉集团旗下6家酒店@中国大饭店@北京国贸大酒店@JEN北京新国贸饭店@北京嘉里大酒店@北京香格里拉饭店@西安香格里拉大酒店，将与西安饭庄、老孙家、同盛祥、德发长、春发生等5家“中华老字号”餐饮企业共同合作，呈现60余款特色菜品，向食客们展现“千年陕菜”的传承与魅力。,,,"中国大饭店,北京国贸大酒店,JEN北京新国贸饭店,北京嘉里大酒店,北京香格里拉饭店,西安香格里拉大酒店",香格里拉陕西美食节,11,5,10,2021-03-31 12:27,微博 weibo.com,"['https://wx4.sinaimg.cn/large/71885c13gy1gp2z1bznalj217o0n1ke5.jpg', 'https://wx4.sinaimg.cn/large/71885c13gy1gp2z22iuhyj20u00yr4qp.jpg', 'https://wx4.sinaimg.cn/large/71885c13gy1gp2z2czg76j20u018z4qp.jpg', 'https://wx2.sinaimg.cn/large/71885c13gy1gp2z31hkkaj20u01900we.jpg', 'https://wx1.sinaimg.cn/large/71885c13gy1gp2z3tw36wj20y40mr1h4.jpg', 'https://wx1.sinaimg.cn/large/71885c13gy1gp2z36ermmj20u0190b0n.jpg', 'https://wx3.sinaimg.cn/large/71885c13gy1gp2z3kzewrj20u0190427.jpg', 'https://wx2.sinaimg.cn/large/71885c13gy1gp2z3oxwqxj20ov0yne4l.jpg', 'https://wx2.sinaimg.cn/large/71885c13gy1gp2z4eguonj20u00k0wjx.jpg']",,
4620780749460005,K8IBkDGYJ,2090591961,美食家大雄,陕西的小吃大家都很熟悉，但陕菜大家吃过吗？昨天去中国大饭店，参加了“千年陕菜·美食之源”陕西美食节活动的启动仪式。此次美食节由陕西省人民政府主办，陕西省商务厅、香格里拉集团及西安饮食股份有限公司共同承办。今天至4月16日期间，香格里拉集团六家酒店—北京中国大饭店、北京国贸大酒店、北京新国贸饭店、北京嘉里大酒店、北京香格里拉饭店。以及西安香格里拉大酒店将与“中华老字号”西安饭庄、老孙家、同盛祥、德发长、春发生等五家陕菜餐饮企业展开交流合作，共同呈现六十多款特色菜品，向北京的美食爱好者展现“千年陕菜”的传承与魅力。,,,,,21,80,195,2021-03-31 12:04,,"['https://wx1.sinaimg.cn/large/002htUtbly1gp2yfx5jayj60u00k0wj902.jpg', 'https://wx2.sinaimg.cn/large/002htUtbly1gp2yfxag7oj60ov0ynthl02.jpg', 'https://wx1.sinaimg.cn/large/002htUtbly1gp2yfwzxx3j60u00yr47102.jpg', 'https://wx3.sinaimg.cn/large/002htUtbly1gp2yfxj8avj60u0190tf402.jpg', 'https://wx3.sinaimg.cn/large/002htUtbly1gp2yfxp58gj60u018y44j02.jpg', 'https://wx3.sinaimg.cn/large/002htUtbly1gp2yfxvamfj60rx15wtg702.jpg', 'https://wx3.sinaimg.cn/large/002htUtbly1gp2yfy1er7j60u0190jzz02.jpg', 'https://wx1.sinaimg.cn/large/002htUtbly1gp2yfya4jvj60sh16q11802.jpg', 'https://wx2.sinaimg.cn/large/002htUtbly1gp2yfynqj4j60u018zn7302.jpg']",,
4620432344615409,K8zxojmG5,2109885920,环球时报环球旅游,#记者手记#今日，“千年陕菜·美食之源”陕西美食节活动在北京中国大饭店正式启动。此次美食节由陕西省人民政府主办，陕西省商务厅、香格里拉集团及西安饮食股份有限公司共同承办。即日起至4月16日期间，香格里拉集团六家酒店——北京中国大饭店、北京国贸大酒店、北京新国贸饭店、北京嘉里大酒店、北京香格里拉饭店以及西安香格里拉大酒店将与“中华老字号”西安饭庄、老孙家、同盛祥、德发长、春发生等五家陕菜餐饮企业展开交流合作，共同呈现六十多款特色菜品，向北京的美食爱好者展现“千年陕菜”的传承与魅力。,,,,记者手记,0,0,3,2021-03-30 12:59,HUAWEI P40 Pro 5G,"['https://wx1.sinaimg.cn/large/7dc24de0ly1gp1uf7u3bvj23402c0u0z.jpg', 'https://wx1.sinaimg.cn/large/7dc24de0ly1gp1uf64t2cj23402c04qt.jpg', 'https://wx2.sinaimg.cn/large/7dc24de0ly1gp1ufahvvrj20u00k040y.jpg', 'https://wx1.sinaimg.cn/large/7dc24de0ly1gp1ufayj9tj20u00k0q6r.jpg', 'https://wx4.sinaimg.cn/large/7dc24de0ly1gp1uf8dtgzj20u00gw41r.jpg', 'https://wx4.sinaimg.cn/large/7dc24de0ly1gp1ufbcyl8j20u00k078b.jpg', 'https://wx2.sinaimg.cn/large/7dc24de0ly1gp1ufbuf4yj20u00k079l.jpg', 'https://wx2.sinaimg.cn/large/7dc24de0ly1gp1uf9xmuoj22yo200hdw.jpg', 'https://wx1.sinaimg.cn/large/7dc24de0ly1gp1ufca9g7j20u00k0q7v.jpg']",,
4617977625055442,K7xGald9o,2920215241,饮食西安,#陕西美食节#将于3月29日首秀北京，北京中国大饭店、北京嘉里大酒店、北京香格里拉饭店、北京国贸大酒店、北京新国贸饭店五家饭店同步进行，西安饮食股份有限公司旗下西安饭庄、德发长、同盛祥、老孙家、春发生五个中华老字号餐饮品牌及其40余名专业厨师团队全面参与，千年陕菜·美食之源，美轮美奂的经典陕西美食，璀璨夺目的中华饮食文化，相约首都北京，共享美好生活,,,,陕西美食节,0,0,0,2021-03-23 18:25,微博 weibo.com,"['https://wx3.sinaimg.cn/large/ae0ef2c9ly1gou0i4e1rwj20fi03rq58.jpg', 'https://wx2.sinaimg.cn/large/ae0ef2c9ly1gou0i4gcj7j20fi08edq3.jpg', 'https://wx1.sinaimg.cn/large/ae0ef2c9ly1gou0i4s7k3j20u00u0qv5.jpg']",,
4606242775369271,K2CoZmwN9,5708805535,碑林文化旅游,#非遗看碑林#【好消息！碑林区非遗这5个品牌被陕西省认定首批“陕西老字号”！】2021年2月4日，陕西省商务厅发布了首批“陕西老字号”名录，65家陕西企业（品牌）登榜，其中碑林区非遗项目西安饮食股份有限公司春发生饭店(注册商标:春发生)、西安姚氏太和医室中医研究所有限公司(注册商标:清·太和医室)、西安饮食股份有限公司西安饭庄(注册商标:西安饭庄)、西安饮食股份有限公司老孙家饭庄(注册商标:老孙家)、西安市大华餐饮有限责任公司(注册商标:樊记)，这5个品牌首批被认定为“陕西老字号”企业(品牌)。O好消息！碑林区非遗这5个品牌被陕西省认定首批“陕西老字号”！,,,,非遗看碑林,0,0,3,2021-02-19 09:15,微博 weibo.com,"['https://wx1.sinaimg.cn/large/006elz6Dly1gnskr9x1rrj30m80es75u.jpg', 'https://wx2.sinaimg.cn/large/006elz6Dly1gnskr9xbguj30u00dwgo3.jpg', 'https://wx2.sinaimg.cn/large/006elz6Dly1gnskr9xjunj30m80ettan.jpg', 'https://wx3.sinaimg.cn/large/006elz6Dly1gnskr9x92cj30k00m8wfo.jpg', 'https://wx2.sinaimg.cn/large/006elz6Dly1gnskr9xi7rj30m80e940b.jpg', 'https://wx1.sinaimg.cn/large/006elz6Dly1gnskr9yencj30gs0wnaeh.jpg']",,
4601587375019048,K0Fihl3Go,6772136934,Brave_贰哥,百年老字号｜创建于1920年的春发生今年101岁了👀沿袭上千年的传统烹饪工艺，主营“葫芦头泡馍，养生五行菜，粉汤羊血等。五味什字店全新升级🙌🏻在原来的基础上，增加了特色包间，每个都有不同的主题[让我看看]菜品也是大不同，增加了很多特色凉菜🔺还有很特色的：辣炒肥肠/福禄酥/现磨黑豆腐/爆炒猪肝😋老西安/老字号/老味道春发生饭店/“两千年世纪交替春去春来春发生，八十载沧桑难改原汁原味葫芦头”。新年一起来春发生过新年,,西安·春发生饭店(南院门店),,,0,1,0,2021-02-06 12:56,iPhone 12 Pro,"['https://wx4.sinaimg.cn/large/007ojcb4ly1gndq49t1vtj30u0141tk8.jpg', 'https://wx4.sinaimg.cn/large/007ojcb4ly1gndq49gss8j30u012h49i.jpg', 'https://wx4.sinaimg.cn/large/007ojcb4ly1gndq492gmwj30u013z4at.jpg', 'https://wx3.sinaimg.cn/large/007ojcb4ly1gndq4a3bp9j30u10u0wnn.jpg', 'https://wx3.sinaimg.cn/large/007ojcb4ly1gndq4aas8gj30u013zk0o.jpg', 'https://wx4.sinaimg.cn/large/007ojcb4ly1gndq4an3frj30u013z482.jpg', 'https://wx2.sinaimg.cn/large/007ojcb4ly1gndq4aw5vuj30u10u0n1u.jpg', 'https://wx2.sinaimg.cn/large/007ojcb4ly1gndq4b2ryzj30u0140wmt.jpg', 'https://wx1.sinaimg.cn/large/007ojcb4ly1gndq4bbcb1j30u0140qgn.jpg']",,
4600256907706393,K06GmwkMF,2050785867,西安曲江旅游官方,O解码老字号|“我也才一百岁而已”春发生的百年独家记忆说起西安的葫芦头，那就不得不提起春发生。“好雨知时节，当春乃发生”一句杜甫的《春夜喜雨》，道出了“春发生”名字的由来。这家始建于1920年，以经营陕西地方风味小吃“葫芦头泡馍”闻名的老字号饭店，在今年迎来了它的一百岁生日（按农历计算）。,,,,,0,1,0,2021-02-02 20:49,iPhone客户端,"['https://wx3.sinaimg.cn/large/7a3c824bly1gn9hajxrvmj20u00k0dmr.jpg', 'https://wx3.sinaimg.cn/large/7a3c824bly1gn9hajmqgtj20zk0qon3l.jpg', 'https://wx3.sinaimg.cn/large/7a3c824bly1gn9hak5f03j20m80esq5n.jpg', 'https://wx4.sinaimg.cn/large/7a3c824bly1gn9hakhg5pj20u00k0jw0.jpg', 'https://wx1.sinaimg.cn/large/7a3c824bly1gn9hakq3egj20sw0j078c.jpg', 'https://wx1.sinaimg.cn/large/7a3c824bly1gn9hakytd9j20u00ml78o.jpg', 'https://wx4.sinaimg.cn/large/7a3c824bly1gn9halbcawj20m80estc2.jpg', 'https://wx1.sinaimg.cn/large/7a3c824bly1gn9halkdv5j20m80esjt6.jpg', 'https://wx1.sinaimg.cn/large/7a3c824bly1gn9halsob6j20ll0eemzc.jpg']",,
4587522754350221,JAIRJifGR,2920215241,饮食西安,#春发生100周年庆#岁月如梭享受或忍受都需认真迎接葫芦头泡馍泖制是匠心，传承是自信让古老的味道持续保持历久弥新浮生若梦不过是一碗葫芦头@西安旅游集团@西旅四季@春发生饭店L饮食西安的微博视频,,,"西安旅游集团,西旅四季,春发生饭店",春发生100周年庆,2,0,0,2020-12-29 17:28,微博视频号,,"http://fb.video.weibocdn.com/JU7YCTMclx07J9HkOEQo01041200FYFO0E018.mp4?label=mp4_720p&template=1280x720.25.0&trans_finger=775cb0ab963a74099cf9f840cd1987f1&ori=0&ps=1BVp4ysnknHVZu&Expires=1668958050&ssig=2dfX8U6vsX&KID=unistore,video",
4580150227763691,JxD4ywzGP,2920215241,饮食西安,《装台》还是对葫芦头泡馍下手了...#装台看饿了##电视剧装台#@春发生饭店@西安旅游集团http://t.cn/A6q2a9gt,,,"春发生饭店,西安旅游集团http","装台看饿了,电视剧装台",0,0,0,2020-12-09 09:12,微博 weibo.com,,,
4574561909087608,JvhH8C86k,5313402060,西安旅游集团,"【老字号你不得不来】提起""葫芦头""，嘴角涎水流。葫芦头泡馍，是西安地域文化特征最为浓烈的美食。在西安市的春发生饭店里，人声鼎沸，顾客盈门，人们到这里，就是冲着这一碗汤煎、肉烂、馍香的西安地道美味而来的。O老字号你不得不来｜干饭啦！这家店让众多名家都欲罢不能！@曲江新区@西安曲江文旅@西旅四季@饮食西安",,,"曲江新区,西安曲江文旅,西旅四季,饮食西安",,2,0,1,2020-11-23 23:06,iPhone客户端,"['https://wx3.sinaimg.cn/large/005NAuBely1gkzi9dw3aaj30u00k0793.jpg', 'https://wx2.sinaimg.cn/large/005NAuBely1gkzi9ebad9g306y03w4f3.jpg', 'https://wx3.sinaimg.cn/large/005NAuBely1gkzi9dnk9rj30u00gw0vu.jpg', 'https://wx1.sinaimg.cn/large/005NAuBely1gkzi9epaasj30zk0npafv.jpg', 'https://wx1.sinaimg.cn/large/005NAuBely1gkzi9f0skmj30zk0qo0ze.jpg', 'https://wx4.sinaimg.cn/large/005NAuBely1gkzia7m6urj30u00gwjv1.jpg']",,
4569010001152121,JsXgs4PIB,6438909078,西安碎事儿,#西安爆料#【“十四运·长安味”西马旅游美食节今日开幕多项美食优惠活动等你来！】11月8日，随着2020西安国际马拉松赛鸣枪开跑，“十四运·长安味”西马旅游美食节也拉开了序幕。在接下来的一周时间内，将有十余场美食文化活动在曲江等地展开。美食与西马结缘，焕发出不一样的舌尖滋味！为进一步营造全民迎全运的浓厚氛围，西安市以“相约西安筑梦全运”为主题，在全市多地设立会场，开展“十四运·长安味”西马旅游美食节活动，为西马加油，为十四运助力！美食节现场老字号品牌西安饭庄、老孙家饭庄、德发长酒店、西安烤鸭店、春发生饭店、白云章饺子馆、清雅斋饭庄、东亚饭店、德懋恭、冰峰饮料等老字号餐饮品牌通过品牌展陈、技艺表演、互动打卡方式，让市民和游客了解中华饮食文化的博大，让更多的人通过美食了解西安民俗，爱上城市文化，同时还在打卡区域为市民和游客发放美食节系列优惠体验券。在美食节活动主会场曲江池遗址公园中和广场，大唐不夜城“石头人”阳阳、“敦煌飞天”小姐姐、“画中人”岳月、“奋斗哥”龙龙以及城墙金甲武士等精彩亮相，用特色艺术展演全力营造喜迎全运会的热烈氛围。活动期间，组织方还将统筹各区县美食资源，根据类别筛选出主题鲜明、品质出色、环境合格的特色美食目的地，向游客统一发布。期间还将有多项美食优惠活动，参加西马比赛的选手凭手牌，在西安饮食旗下老字号门店就餐可享受8折优惠，市民游客可享受9折优惠。华商报记者：张成龙剪辑：周晶L大风视频的微博视频,,,,西安爆料,0,0,2,2020-11-08 15:25,西安碎事儿Android,,"http://f.video.weibocdn.com/QCiGiKd1lx07HPVvWCpG01041200KQAF0E010.mp4?label=mp4_720p&template=1280x720.25.0&trans_finger=1f0da16358befad33323e3a1b7f95fc9&ori=0&ps=1BVp4ysnknHVZu&Expires=1668958076&ssig=xiFrZ4XxlR&KID=unistore,video",
4568944302627139,JsVyub1rd,6928905395,大风视频,【“十四运·长安味”西马旅游美食节今日开幕多项美食优惠活动等你来！】#西马旅游美食节#11月8日，随着2020西安国际马拉松赛鸣枪开跑，“十四运·长安味”西马旅游美食节也拉开了序幕。在接下来的一周时间内，将有十余场美食文化活动在曲江等地展开。美食与西马结缘，焕发出不一样的舌尖滋味！为进一步营造全民迎全运的浓厚氛围，西安市以“相约西安筑梦全运”为主题，在全市多地设立会场，开展“十四运·长安味”西马旅游美食节活动，为西马加油，为十四运助力！美食节现场老字号品牌西安饭庄、老孙家饭庄、德发长酒店、西安烤鸭店、春发生饭店、白云章饺子馆、清雅斋饭庄、东亚饭店、德懋恭、冰峰饮料等老字号餐饮品牌通过品牌展陈、技艺表演、互动打卡方式，让市民和游客了解中华饮食文化的博大，让更多的人通过美食了解西安民俗，爱上城市文化，同时还在打卡区域为市民和游客发放美食节系列优惠体验券。在美食节活动主会场曲江池遗址公园中和广场，大唐不夜城“石头人”阳阳、“敦煌飞天”小姐姐、“画中人”岳月、“奋斗哥”龙龙以及城墙金甲武士等精彩亮相，用特色艺术展演全力营造喜迎全运会的热烈氛围。活动期间，组织方还将统筹各区县美食资源，根据类别筛选出主题鲜明、品质出色、环境合格的特色美食目的地，向游客统一发布。期间还将有多项美食优惠活动，参加西马比赛的选手凭手牌，在西安饮食旗下老字号门店就餐可享受8折优惠，市民游客可享受9折优惠。华商报记者：张成龙剪辑：周晶（发布：ZJ）L大风视频的微博视频,,,,西马旅游美食节,0,0,0,2020-11-08 11:04,微博视频号,,"http://f.video.weibocdn.com/QCiGiKd1lx07HPVvWCpG01041200KQAF0E010.mp4?label=mp4_720p&template=1280x720.25.0&trans_finger=1f0da16358befad33323e3a1b7f95fc9&ori=0&ps=1BVp4ysnknHVZu&Expires=1668958076&ssig=xiFrZ4XxlR&KID=unistore,video",
4568764484689615,JsQSsjFYX,5334921430,西旅四季,#我在西安等你#【“十四运·长安味”西马旅游美食节明日开启！多重优惠助你不负美味】#2020西安马拉松##我和我的西马#随着2020西安国际马拉松赛即将开跑，“十四运·长安味”西马旅游美食节也于明日拉开序幕。在接下来的一周内，将有十余场美食文化活动在曲江遗址公园中和广场等地开展，美食与西马结缘，焕发出不一样的舌尖滋味！西安饭庄、老孙家饭庄、德发长酒店、西安烤鸭店、春发生饭店、白云章饺子馆、清雅斋饭庄、东亚饭店、德懋恭、冰峰饮料等18家老字号餐饮品牌，将通过品牌展陈、技艺表演等方式，带广大市民感受陕味美食的博大精深。,,,,"我在西安等你,2020西安马拉松,我和我的西马",0,0,0,2020-11-07 23:09,iPhone客户端,"['https://wx4.sinaimg.cn/large/005P2MLQly1gkh0gk27sqj30u00k00vu.jpg', 'https://wx3.sinaimg.cn/large/005P2MLQly1gkh0gkfrfuj30u00a976z.jpg']",,
4568629791950276,JsNnd8bm4,6272938672,古城长安,#陕西美食#【不负美味，“十四运·长安味”西马旅游美食节即将启动】随着2020西安国际马拉松赛鸣枪开跑，“十四运·长安味”西马旅游美食节也将拉开序幕。在接下来一周内，将有十余场美食文化活动在曲江遗址公园中和广场等地开展，美食与西马结缘，焕发出不一样舌尖滋味！本次活动由#十四运#西安市执委主办，中共西安市委宣传部、市文化和旅游局、市商务局、市体育局、西安曲江新区管委会承办。西安饭庄、老孙家饭庄、德发长酒店、西安烤鸭店、春发生饭店、白云章饺子馆、清雅斋饭庄、东亚饭店、德懋恭、冰峰饮料等18家老字号餐饮品牌，通过品牌展陈、技艺表演等方式，带广大市民感受陕味美食的博大精深。同时还将在打卡区域为市民和游客发放美食节系列优惠体验券。参加西马比赛的选手凭手牌，在西安饮食旗下老字号门店就餐可享受8折优惠，市民游客可享受9折优惠。L西安电视台官方微博的微博视频,,,,"陕西美食,十四运",0,1,0,2020-11-07 14:14,iPhone客户端,,"http://f.video.weibocdn.com/EqqCQWL0lx07HNpeI8oU0104120070vk0E010.mp4?label=mp4_hd&template=640x288.25.0&trans_finger=62b30a3f061b162e421008955c73f536&ori=0&ps=1BVp4ysnknHVZu&Expires=1668958076&ssig=LS4wtylkk2&KID=unistore,video",
